obesitycat,Lasso,1.51006673394015,(Intercept),(Intercept),Not_Lean
obesitycat,Lasso,-0.0136008784797345,185712,k__Bacteria; p__Firmicutes; c__Clostridia; o__Clostridiales; f__; g__; s__,Lean
obesitycat,Lasso,-0.227391760089567,537219,k__Bacteria; p__Firmicutes; c__Clostridia; o__Clostridiales; f__; g__; s__,Lean
obesitycat,Lasso,-0.125827090855377,326136,k__Bacteria; p__Firmicutes; c__Clostridia; o__Clostridiales; f__; g__; s__,Lean
obesitycat,Lasso,-0.0172121969176519,177905,k__Bacteria; p__Firmicutes; c__Clostridia; o__Clostridiales; f__Lachnospiraceae; g__Blautia; s__,Lean
obesitycat,Lasso,-0.118356964946717,185814,k__Bacteria; p__Firmicutes; c__Clostridia; o__Clostridiales; f__Ruminococcaceae; g__; s__,Lean
obesitycat,Lasso,-0.0731125043585515,166164,k__Bacteria; p__Firmicutes; c__Clostridia; o__Clostridiales; f__Ruminococcaceae; g__Ruminococcus; s__,Lean
obesitycat,Lasso,-0.00836688622560184,194322,k__Bacteria; p__Firmicutes; c__Clostridia; o__Clostridiales; f__Ruminococcaceae; g__; s__,Lean
obesitycat,Lasso,-0.0244482022176831,178746,k__Bacteria; p__Firmicutes; c__Clostridia; o__Clostridiales; f__Lachnospiraceae; g__; s__,Lean
obesitycat,Lasso,-0.00519168837534084,592616,k__Bacteria; p__Firmicutes; c__Erysipelotrichi; o__Erysipelotrichales; f__Erysipelotrichaceae; g__; s__,Lean
obesitycat,Lasso,-0.00147866412167505,196736,k__Bacteria; p__Firmicutes; c__Clostridia; o__Clostridiales; f__Ruminococcaceae; g__; s__,Lean
obesitycat,Lasso,-0.194519418318805,199212,k__Bacteria; p__Firmicutes; c__Clostridia; o__Clostridiales; f__; g__; s__,Lean
obesitycat,Lasso,-0.0625521974317362,199534,k__Bacteria; p__Bacteroidetes; c__Bacteroidia; o__Bacteroidales; f__Rikenellaceae; g__; s__,Lean
obesitycat,Lasso,-6.30559249569782e-05,191355,k__Bacteria; p__Firmicutes; c__Erysipelotrichi; o__Erysipelotrichales; f__Erysipelotrichaceae; g__; s__,Lean
obesitycat,Lasso,-0.002725450202644,772282,k__Bacteria; p__Bacteroidetes; c__Bacteroidia; o__Bacteroidales; f__Rikenellaceae; g__; s__,Lean
obesitycat,Lasso,-0.334661881507582,4453609,k__Bacteria; p__Bacteroidetes; c__Bacteroidia; o__Bacteroidales; f__Rikenellaceae; g__; s__,Lean
obesitycat,EN_0.1,1.44825723117114,(Intercept),(Intercept),Not_Lean
obesitycat,EN_0.1,-0.0561707072617144,128297,k__Bacteria; p__Firmicutes; c__Clostridia; o__Clostridiales; f__Ruminococcaceae; g__; s__,Lean
obesitycat,EN_0.1,-0.000461204947669067,4421273,k__Bacteria; p__Firmicutes; c__Clostridia; o__Clostridiales; f__Ruminococcaceae; g__Oscillospira; s__,Lean
obesitycat,EN_0.1,-0.0307424124759024,185712,k__Bacteria; p__Firmicutes; c__Clostridia; o__Clostridiales; f__; g__; s__,Lean
obesitycat,EN_0.1,-0.00392686633269553,1885089,k__Bacteria; p__Firmicutes; c__Clostridia; o__Clostridiales; f__Ruminococcaceae; g__; s__,Lean
obesitycat,EN_0.1,-0.153754953394804,554912,k__Bacteria; p__Firmicutes; c__Clostridia; o__Clostridiales; f__Ruminococcaceae; g__Oscillospira; s__,Lean
obesitycat,EN_0.1,-0.0756759891148303,537219,k__Bacteria; p__Firmicutes; c__Clostridia; o__Clostridiales; f__; g__; s__,Lean
obesitycat,EN_0.1,-0.00185157577692831,4442899,k__Bacteria; p__Firmicutes; c__Clostridia; o__Clostridiales; f__; g__; s__,Lean
obesitycat,EN_0.1,-0.0100424961461752,559302,k__Bacteria; p__Firmicutes; c__Clostridia; o__Clostridiales; f__; g__; s__,Lean
obesitycat,EN_0.1,-0.000860731560144669,2447244,k__Bacteria; p__Firmicutes; c__Clostridia; o__Clostridiales; f__; g__; s__,Lean
obesitycat,EN_0.1,-0.0108641174704312,192240,k__Bacteria; p__Firmicutes; c__Clostridia; o__Clostridiales; f__Clostridiaceae; g__; s__,Lean
obesitycat,EN_0.1,-0.0797320916989332,326136,k__Bacteria; p__Firmicutes; c__Clostridia; o__Clostridiales; f__; g__; s__,Lean
obesitycat,EN_0.1,-0.000238326880759376,186448,k__Bacteria; p__Firmicutes; c__Clostridia; o__Clostridiales; f__Ruminococcaceae; g__; s__,Lean
obesitycat,EN_0.1,-0.0665199210585979,189260,k__Bacteria; p__Firmicutes; c__Clostridia; o__Clostridiales; f__Lachnospiraceae; g__; s__,Lean
obesitycat,EN_0.1,-4.16951890861989e-05,3744858,k__Bacteria; p__Firmicutes; c__Clostridia; o__Clostridiales; f__Ruminococcaceae; g__; s__,Lean
obesitycat,EN_0.1,-0.00546633804735487,4352409,k__Bacteria; p__Firmicutes; c__Clostridia; o__Clostridiales; f__; g__; s__,Lean
obesitycat,EN_0.1,-0.00235703345137345,363881,k__Bacteria; p__Firmicutes; c__Clostridia; o__Clostridiales; f__Ruminococcaceae; g__; s__,Lean
obesitycat,EN_0.1,-0.000710065410088812,178485,k__Bacteria; p__Firmicutes; c__Clostridia; o__Clostridiales; f__Ruminococcaceae; g__; s__,Lean
obesitycat,EN_0.1,-0.0106004529519929,2272349,k__Bacteria; p__Firmicutes; c__Clostridia; o__Clostridiales; f__Veillonellaceae; g__Phascolarctobacterium; s__,Lean
obesitycat,EN_0.1,-0.00806264576773182,177905,k__Bacteria; p__Firmicutes; c__Clostridia; o__Clostridiales; f__Lachnospiraceae; g__Blautia; s__,Lean
obesitycat,EN_0.1,-0.126476104286554,185814,k__Bacteria; p__Firmicutes; c__Clostridia; o__Clostridiales; f__Ruminococcaceae; g__; s__,Lean
obesitycat,EN_0.1,-0.0109200870647392,289679,k__Bacteria; p__Firmicutes; c__Clostridia; o__Clostridiales; f__Clostridiaceae; g__; s__,Lean
obesitycat,EN_0.1,-0.00155717344075889,1733364,k__Bacteria; p__Bacteroidetes; c__Bacteroidia; o__Bacteroidales; f__Bacteroidaceae; g__Bacteroides; s__uniformis,Lean
obesitycat,EN_0.1,-0.0218403050645399,263452,k__Bacteria; p__Firmicutes; c__Clostridia; o__Clostridiales; f__Peptococcaceae; g__rc4-4; s__,Lean
obesitycat,EN_0.1,-0.00577195234569834,365688,k__Bacteria; p__Firmicutes; c__Clostridia; o__Clostridiales; f__Ruminococcaceae; g__; s__,Lean
obesitycat,EN_0.1,-0.0397433672562402,2331530,k__Bacteria; p__Bacteroidetes; c__Bacteroidia; o__Bacteroidales; f__Bacteroidaceae; g__Bacteroides; s__,Lean
obesitycat,EN_0.1,-0.000152643317183196,3138798,k__Bacteria; p__Firmicutes; c__Clostridia; o__Clostridiales; f__Veillonellaceae; g__Phascolarctobacterium; s__,Lean
obesitycat,EN_0.1,-0.0242682625255083,166164,k__Bacteria; p__Firmicutes; c__Clostridia; o__Clostridiales; f__Ruminococcaceae; g__Ruminococcus; s__,Lean
obesitycat,EN_0.1,-0.00236456264574481,363519,k__Bacteria; p__Firmicutes; c__Clostridia; o__Clostridiales; f__Christensenellaceae; g__; s__,Lean
obesitycat,EN_0.1,-0.0011905975764228,190124,k__Bacteria; p__Firmicutes; c__Clostridia; o__Clostridiales; f__Ruminococcaceae; g__; s__,Lean
obesitycat,EN_0.1,-0.012076389019942,194322,k__Bacteria; p__Firmicutes; c__Clostridia; o__Clostridiales; f__Ruminococcaceae; g__; s__,Lean
obesitycat,EN_0.1,-0.0114949338598213,162684,k__Bacteria; p__Bacteroidetes; c__Bacteroidia; o__Bacteroidales; f__Bacteroidaceae; g__Bacteroides; s__uniformis,Lean
obesitycat,EN_0.1,-0.00131834726740206,179865,k__Bacteria; p__Firmicutes; c__Clostridia; o__Clostridiales; f__Lachnospiraceae; g__Dorea; s__,Lean
obesitycat,EN_0.1,-0.00772969887464937,194457,k__Bacteria; p__Firmicutes; c__Clostridia; o__Clostridiales; f__Lachnospiraceae; g__; s__,Lean
obesitycat,EN_0.1,-0.00994363166202373,3500642,k__Bacteria; p__Bacteroidetes; c__Bacteroidia; o__Bacteroidales; f__[Barnesiellaceae]; g__; s__,Lean
obesitycat,EN_0.1,-0.00951200231411817,178746,k__Bacteria; p__Firmicutes; c__Clostridia; o__Clostridiales; f__Lachnospiraceae; g__; s__,Lean
obesitycat,EN_0.1,-0.00430203418939893,354574,k__Bacteria; p__Proteobacteria; c__Deltaproteobacteria; o__Desulfovibrionales; f__Desulfovibrionaceae; g__Bilophila; s__,Lean
obesitycat,EN_0.1,-0.00195867398354068,592616,k__Bacteria; p__Firmicutes; c__Erysipelotrichi; o__Erysipelotrichales; f__Erysipelotrichaceae; g__; s__,Lean
obesitycat,EN_0.1,-0.0181924621820662,196736,k__Bacteria; p__Firmicutes; c__Clostridia; o__Clostridiales; f__Ruminococcaceae; g__; s__,Lean
obesitycat,EN_0.1,-0.114097140887326,199212,k__Bacteria; p__Firmicutes; c__Clostridia; o__Clostridiales; f__; g__; s__,Lean
obesitycat,EN_0.1,-0.0265120626101977,199534,k__Bacteria; p__Bacteroidetes; c__Bacteroidia; o__Bacteroidales; f__Rikenellaceae; g__; s__,Lean
obesitycat,EN_0.1,-0.000604837855983262,178064,k__Bacteria; p__Bacteroidetes; c__Bacteroidia; o__Bacteroidales; f__Bacteroidaceae; g__Bacteroides; s__,Lean
obesitycat,EN_0.1,-0.0011407878406984,258717,k__Bacteria; p__Firmicutes; c__Clostridia; o__Clostridiales; f__Lachnospiraceae; g__Dorea; s__,Lean
obesitycat,EN_0.1,-0.00335262237068118,196210,k__Bacteria; p__Firmicutes; c__Clostridia; o__Clostridiales; f__Ruminococcaceae; g__; s__,Lean
obesitycat,EN_0.1,-0.040174730122045,322560,k__Bacteria; p__Firmicutes; c__Clostridia; o__Clostridiales; f__Clostridiaceae; g__SMB53; s__,Lean
obesitycat,EN_0.1,-0.000235123934540371,191355,k__Bacteria; p__Firmicutes; c__Erysipelotrichi; o__Erysipelotrichales; f__Erysipelotrichaceae; g__; s__,Lean
obesitycat,EN_0.1,-0.0137405666526558,4456702,k__Bacteria; p__Firmicutes; c__Clostridia; o__Clostridiales; f__Ruminococcaceae; g__Ruminococcus; s__,Lean
obesitycat,EN_0.1,-0.017523237942513,336063,k__Bacteria; p__Firmicutes; c__Clostridia; o__Clostridiales; f__Ruminococcaceae; g__; s__,Lean
obesitycat,EN_0.1,-0.00111316411486751,772282,k__Bacteria; p__Bacteroidetes; c__Bacteroidia; o__Bacteroidales; f__Rikenellaceae; g__; s__,Lean
obesitycat,EN_0.1,-0.117462278386433,4453609,k__Bacteria; p__Bacteroidetes; c__Bacteroidia; o__Bacteroidales; f__Rikenellaceae; g__; s__,Lean
obesitycat,EN_0.1,-0.000485987463068937,187180,k__Bacteria; p__Firmicutes; c__Clostridia; o__Clostridiales; f__Ruminococcaceae; g__; s__,Lean
obesitycat,EN_0.1,-0.00393117398584249,331411,k__Bacteria; p__Firmicutes; c__Clostridia; o__Clostridiales; f__; g__; s__,Lean
obesitycat,EN_0.2,1.46962854289677,(Intercept),(Intercept),Not_Lean
obesitycat,EN_0.2,-0.0502542132774693,128297,k__Bacteria; p__Firmicutes; c__Clostridia; o__Clostridiales; f__Ruminococcaceae; g__; s__,Lean
obesitycat,EN_0.2,-0.0331678296322961,185712,k__Bacteria; p__Firmicutes; c__Clostridia; o__Clostridiales; f__; g__; s__,Lean
obesitycat,EN_0.2,-0.158198855309731,554912,k__Bacteria; p__Firmicutes; c__Clostridia; o__Clostridiales; f__Ruminococcaceae; g__Oscillospira; s__,Lean
obesitycat,EN_0.2,-0.10837487162217,537219,k__Bacteria; p__Firmicutes; c__Clostridia; o__Clostridiales; f__; g__; s__,Lean
obesitycat,EN_0.2,-0.00914643630028602,559302,k__Bacteria; p__Firmicutes; c__Clostridia; o__Clostridiales; f__; g__; s__,Lean
obesitycat,EN_0.2,-0.000818498800320914,2447244,k__Bacteria; p__Firmicutes; c__Clostridia; o__Clostridiales; f__; g__; s__,Lean
obesitycat,EN_0.2,-0.104548835367589,326136,k__Bacteria; p__Firmicutes; c__Clostridia; o__Clostridiales; f__; g__; s__,Lean
obesitycat,EN_0.2,-0.0474491316490192,189260,k__Bacteria; p__Firmicutes; c__Clostridia; o__Clostridiales; f__Lachnospiraceae; g__; s__,Lean
obesitycat,EN_0.2,-0.00516763875460366,2272349,k__Bacteria; p__Firmicutes; c__Clostridia; o__Clostridiales; f__Veillonellaceae; g__Phascolarctobacterium; s__,Lean
obesitycat,EN_0.2,-0.0113965940807288,177905,k__Bacteria; p__Firmicutes; c__Clostridia; o__Clostridiales; f__Lachnospiraceae; g__Blautia; s__,Lean
obesitycat,EN_0.2,-0.171684826065575,185814,k__Bacteria; p__Firmicutes; c__Clostridia; o__Clostridiales; f__Ruminococcaceae; g__; s__,Lean
obesitycat,EN_0.2,-0.011792559830925,289679,k__Bacteria; p__Firmicutes; c__Clostridia; o__Clostridiales; f__Clostridiaceae; g__; s__,Lean
obesitycat,EN_0.2,-0.00173946490594648,1733364,k__Bacteria; p__Bacteroidetes; c__Bacteroidia; o__Bacteroidales; f__Bacteroidaceae; g__Bacteroides; s__uniformis,Lean
obesitycat,EN_0.2,-0.010543713070128,263452,k__Bacteria; p__Firmicutes; c__Clostridia; o__Clostridiales; f__Peptococcaceae; g__rc4-4; s__,Lean
obesitycat,EN_0.2,-0.0333881285896679,2331530,k__Bacteria; p__Bacteroidetes; c__Bacteroidia; o__Bacteroidales; f__Bacteroidaceae; g__Bacteroides; s__,Lean
obesitycat,EN_0.2,-0.0347257302548014,166164,k__Bacteria; p__Firmicutes; c__Clostridia; o__Clostridiales; f__Ruminococcaceae; g__Ruminococcus; s__,Lean
obesitycat,EN_0.2,-0.0136899560161082,194322,k__Bacteria; p__Firmicutes; c__Clostridia; o__Clostridiales; f__Ruminococcaceae; g__; s__,Lean
obesitycat,EN_0.2,-0.0104809711852531,162684,k__Bacteria; p__Bacteroidetes; c__Bacteroidia; o__Bacteroidales; f__Bacteroidaceae; g__Bacteroides; s__uniformis,Lean
obesitycat,EN_0.2,-6.73304092402662e-05,179865,k__Bacteria; p__Firmicutes; c__Clostridia; o__Clostridiales; f__Lachnospiraceae; g__Dorea; s__,Lean
obesitycat,EN_0.2,-0.00387004332086644,3500642,k__Bacteria; p__Bacteroidetes; c__Bacteroidia; o__Bacteroidales; f__[Barnesiellaceae]; g__; s__,Lean
obesitycat,EN_0.2,-0.0143533913288008,178746,k__Bacteria; p__Firmicutes; c__Clostridia; o__Clostridiales; f__Lachnospiraceae; g__; s__,Lean
obesitycat,EN_0.2,-0.00272998362315204,354574,k__Bacteria; p__Proteobacteria; c__Deltaproteobacteria; o__Desulfovibrionales; f__Desulfovibrionaceae; g__Bilophila; s__,Lean
obesitycat,EN_0.2,-0.00284872553747706,592616,k__Bacteria; p__Firmicutes; c__Erysipelotrichi; o__Erysipelotrichales; f__Erysipelotrichaceae; g__; s__,Lean
obesitycat,EN_0.2,-0.021475804152808,196736,k__Bacteria; p__Firmicutes; c__Clostridia; o__Clostridiales; f__Ruminococcaceae; g__; s__,Lean
obesitycat,EN_0.2,-0.144504808887693,199212,k__Bacteria; p__Firmicutes; c__Clostridia; o__Clostridiales; f__; g__; s__,Lean
obesitycat,EN_0.2,-0.037977742494931,199534,k__Bacteria; p__Bacteroidetes; c__Bacteroidia; o__Bacteroidales; f__Rikenellaceae; g__; s__,Lean
obesitycat,EN_0.2,-8.79499109967788e-05,178064,k__Bacteria; p__Bacteroidetes; c__Bacteroidia; o__Bacteroidales; f__Bacteroidaceae; g__Bacteroides; s__,Lean
obesitycat,EN_0.2,-0.00194418212900072,196210,k__Bacteria; p__Firmicutes; c__Clostridia; o__Clostridiales; f__Ruminococcaceae; g__; s__,Lean
obesitycat,EN_0.2,-0.0331958542594118,322560,k__Bacteria; p__Firmicutes; c__Clostridia; o__Clostridiales; f__Clostridiaceae; g__SMB53; s__,Lean
obesitycat,EN_0.2,-0.000300264972440403,191355,k__Bacteria; p__Firmicutes; c__Erysipelotrichi; o__Erysipelotrichales; f__Erysipelotrichaceae; g__; s__,Lean
obesitycat,EN_0.2,-0.00159298367617855,772282,k__Bacteria; p__Bacteroidetes; c__Bacteroidia; o__Bacteroidales; f__Rikenellaceae; g__; s__,Lean
obesitycat,EN_0.2,-0.17290876139645,4453609,k__Bacteria; p__Bacteroidetes; c__Bacteroidia; o__Bacteroidales; f__Rikenellaceae; g__; s__,Lean
obesitycat,EN_0.2,-0.00353784561614326,331411,k__Bacteria; p__Firmicutes; c__Clostridia; o__Clostridiales; f__; g__; s__,Lean
obesitycat,EN_0.3,1.44107537777953,(Intercept),(Intercept),Not_Lean
obesitycat,EN_0.3,-0.0165924215062716,128297,k__Bacteria; p__Firmicutes; c__Clostridia; o__Clostridiales; f__Ruminococcaceae; g__; s__,Lean
obesitycat,EN_0.3,-0.0237867912452331,185712,k__Bacteria; p__Firmicutes; c__Clostridia; o__Clostridiales; f__; g__; s__,Lean
obesitycat,EN_0.3,-0.101468509514294,554912,k__Bacteria; p__Firmicutes; c__Clostridia; o__Clostridiales; f__Ruminococcaceae; g__Oscillospira; s__,Lean
obesitycat,EN_0.3,-0.110045418372575,537219,k__Bacteria; p__Firmicutes; c__Clostridia; o__Clostridiales; f__; g__; s__,Lean
obesitycat,EN_0.3,-0.00592656366218391,559302,k__Bacteria; p__Firmicutes; c__Clostridia; o__Clostridiales; f__; g__; s__,Lean
obesitycat,EN_0.3,-6.35991970778898e-05,2447244,k__Bacteria; p__Firmicutes; c__Clostridia; o__Clostridiales; f__; g__; s__,Lean
obesitycat,EN_0.3,-0.0576140216487761,326136,k__Bacteria; p__Firmicutes; c__Clostridia; o__Clostridiales; f__; g__; s__,Lean
obesitycat,EN_0.3,-0.0123361928206174,177905,k__Bacteria; p__Firmicutes; c__Clostridia; o__Clostridiales; f__Lachnospiraceae; g__Blautia; s__,Lean
obesitycat,EN_0.3,-0.122387851969465,185814,k__Bacteria; p__Firmicutes; c__Clostridia; o__Clostridiales; f__Ruminococcaceae; g__; s__,Lean
obesitycat,EN_0.3,-0.00970822018773492,289679,k__Bacteria; p__Firmicutes; c__Clostridia; o__Clostridiales; f__Clostridiaceae; g__; s__,Lean
obesitycat,EN_0.3,-0.0014914647484853,1733364,k__Bacteria; p__Bacteroidetes; c__Bacteroidia; o__Bacteroidales; f__Bacteroidaceae; g__Bacteroides; s__uniformis,Lean
obesitycat,EN_0.3,-0.0403831680530196,166164,k__Bacteria; p__Firmicutes; c__Clostridia; o__Clostridiales; f__Ruminococcaceae; g__Ruminococcus; s__,Lean
obesitycat,EN_0.3,-0.0124491872779826,194322,k__Bacteria; p__Firmicutes; c__Clostridia; o__Clostridiales; f__Ruminococcaceae; g__; s__,Lean
obesitycat,EN_0.3,-0.00597470430911475,162684,k__Bacteria; p__Bacteroidetes; c__Bacteroidia; o__Bacteroidales; f__Bacteroidaceae; g__Bacteroides; s__uniformis,Lean
obesitycat,EN_0.3,-0.0149491822639148,178746,k__Bacteria; p__Firmicutes; c__Clostridia; o__Clostridiales; f__Lachnospiraceae; g__; s__,Lean
obesitycat,EN_0.3,-0.00276072214986043,592616,k__Bacteria; p__Firmicutes; c__Erysipelotrichi; o__Erysipelotrichales; f__Erysipelotrichaceae; g__; s__,Lean
obesitycat,EN_0.3,-0.0165365669033463,196736,k__Bacteria; p__Firmicutes; c__Clostridia; o__Clostridiales; f__Ruminococcaceae; g__; s__,Lean
obesitycat,EN_0.3,-0.116614885565819,199212,k__Bacteria; p__Firmicutes; c__Clostridia; o__Clostridiales; f__; g__; s__,Lean
obesitycat,EN_0.3,-0.0370374169027031,199534,k__Bacteria; p__Bacteroidetes; c__Bacteroidia; o__Bacteroidales; f__Rikenellaceae; g__; s__,Lean
obesitycat,EN_0.3,-5.63878126072898e-05,322560,k__Bacteria; p__Firmicutes; c__Clostridia; o__Clostridiales; f__Clostridiaceae; g__SMB53; s__,Lean
obesitycat,EN_0.3,-0.00015083198919806,191355,k__Bacteria; p__Firmicutes; c__Erysipelotrichi; o__Erysipelotrichales; f__Erysipelotrichaceae; g__; s__,Lean
obesitycat,EN_0.3,-0.00167313877357362,772282,k__Bacteria; p__Bacteroidetes; c__Bacteroidia; o__Bacteroidales; f__Rikenellaceae; g__; s__,Lean
obesitycat,EN_0.3,-0.197665530084923,4453609,k__Bacteria; p__Bacteroidetes; c__Bacteroidia; o__Bacteroidales; f__Rikenellaceae; g__; s__,Lean
obesitycat,EN_0.4,1.43116294651549,(Intercept),(Intercept),Not_Lean
obesitycat,EN_0.4,-0.0159086145777679,185712,k__Bacteria; p__Firmicutes; c__Clostridia; o__Clostridiales; f__; g__; s__,Lean
obesitycat,EN_0.4,-0.065321636646874,554912,k__Bacteria; p__Firmicutes; c__Clostridia; o__Clostridiales; f__Ruminococcaceae; g__Oscillospira; s__,Lean
obesitycat,EN_0.4,-0.115994899670668,537219,k__Bacteria; p__Firmicutes; c__Clostridia; o__Clostridiales; f__; g__; s__,Lean
obesitycat,EN_0.4,-0.00248377310019523,559302,k__Bacteria; p__Firmicutes; c__Clostridia; o__Clostridiales; f__; g__; s__,Lean
obesitycat,EN_0.4,-0.0166314112521135,326136,k__Bacteria; p__Firmicutes; c__Clostridia; o__Clostridiales; f__; g__; s__,Lean
obesitycat,EN_0.4,-0.0129400546379427,177905,k__Bacteria; p__Firmicutes; c__Clostridia; o__Clostridiales; f__Lachnospiraceae; g__Blautia; s__,Lean
obesitycat,EN_0.4,-0.0775100608763432,185814,k__Bacteria; p__Firmicutes; c__Clostridia; o__Clostridiales; f__Ruminococcaceae; g__; s__,Lean
obesitycat,EN_0.4,-0.00654864809737955,289679,k__Bacteria; p__Firmicutes; c__Clostridia; o__Clostridiales; f__Clostridiaceae; g__; s__,Lean
obesitycat,EN_0.4,-0.0013150551053751,1733364,k__Bacteria; p__Bacteroidetes; c__Bacteroidia; o__Bacteroidales; f__Bacteroidaceae; g__Bacteroides; s__uniformis,Lean
obesitycat,EN_0.4,-0.0438913946595264,166164,k__Bacteria; p__Firmicutes; c__Clostridia; o__Clostridiales; f__Ruminococcaceae; g__Ruminococcus; s__,Lean
obesitycat,EN_0.4,-0.0124176792263491,194322,k__Bacteria; p__Firmicutes; c__Clostridia; o__Clostridiales; f__Ruminococcaceae; g__; s__,Lean
obesitycat,EN_0.4,-0.0017931351518248,162684,k__Bacteria; p__Bacteroidetes; c__Bacteroidia; o__Bacteroidales; f__Bacteroidaceae; g__Bacteroides; s__uniformis,Lean
obesitycat,EN_0.4,-0.0145203239464816,178746,k__Bacteria; p__Firmicutes; c__Clostridia; o__Clostridiales; f__Lachnospiraceae; g__; s__,Lean
obesitycat,EN_0.4,-0.00275743536263303,592616,k__Bacteria; p__Firmicutes; c__Erysipelotrichi; o__Erysipelotrichales; f__Erysipelotrichaceae; g__; s__,Lean
obesitycat,EN_0.4,-0.0122772526088943,196736,k__Bacteria; p__Firmicutes; c__Clostridia; o__Clostridiales; f__Ruminococcaceae; g__; s__,Lean
obesitycat,EN_0.4,-0.0821556001667208,199212,k__Bacteria; p__Firmicutes; c__Clostridia; o__Clostridiales; f__; g__; s__,Lean
obesitycat,EN_0.4,-0.0363798870414439,199534,k__Bacteria; p__Bacteroidetes; c__Bacteroidia; o__Bacteroidales; f__Rikenellaceae; g__; s__,Lean
obesitycat,EN_0.4,-1.1504760124996e-05,191355,k__Bacteria; p__Firmicutes; c__Erysipelotrichi; o__Erysipelotrichales; f__Erysipelotrichaceae; g__; s__,Lean
obesitycat,EN_0.4,-0.00170001774559407,772282,k__Bacteria; p__Bacteroidetes; c__Bacteroidia; o__Bacteroidales; f__Rikenellaceae; g__; s__,Lean
obesitycat,EN_0.4,-0.216987039592504,4453609,k__Bacteria; p__Bacteroidetes; c__Bacteroidia; o__Bacteroidales; f__Rikenellaceae; g__; s__,Lean
obesitycat,EN_0.5,1.47279715406551,(Intercept),(Intercept),Not_Lean
obesitycat,EN_0.5,-0.0234344349894896,185712,k__Bacteria; p__Firmicutes; c__Clostridia; o__Clostridiales; f__; g__; s__,Lean
obesitycat,EN_0.5,-0.0729301853917539,554912,k__Bacteria; p__Firmicutes; c__Clostridia; o__Clostridiales; f__Ruminococcaceae; g__Oscillospira; s__,Lean
obesitycat,EN_0.5,-0.149021724798357,537219,k__Bacteria; p__Firmicutes; c__Clostridia; o__Clostridiales; f__; g__; s__,Lean
obesitycat,EN_0.5,-0.0743633809318154,326136,k__Bacteria; p__Firmicutes; c__Clostridia; o__Clostridiales; f__; g__; s__,Lean
obesitycat,EN_0.5,-0.0149980937268345,177905,k__Bacteria; p__Firmicutes; c__Clostridia; o__Clostridiales; f__Lachnospiraceae; g__Blautia; s__,Lean
obesitycat,EN_0.5,-0.133129104649169,185814,k__Bacteria; p__Firmicutes; c__Clostridia; o__Clostridiales; f__Ruminococcaceae; g__; s__,Lean
obesitycat,EN_0.5,-0.00750674734757879,289679,k__Bacteria; p__Firmicutes; c__Clostridia; o__Clostridiales; f__Clostridiaceae; g__; s__,Lean
obesitycat,EN_0.5,-0.00128528283497492,1733364,k__Bacteria; p__Bacteroidetes; c__Bacteroidia; o__Bacteroidales; f__Bacteroidaceae; g__Bacteroides; s__uniformis,Lean
obesitycat,EN_0.5,-0.0540713324999086,166164,k__Bacteria; p__Firmicutes; c__Clostridia; o__Clostridiales; f__Ruminococcaceae; g__Ruminococcus; s__,Lean
obesitycat,EN_0.5,-0.0132591574890817,194322,k__Bacteria; p__Firmicutes; c__Clostridia; o__Clostridiales; f__Ruminococcaceae; g__; s__,Lean
obesitycat,EN_0.5,-0.0195320562338039,178746,k__Bacteria; p__Firmicutes; c__Clostridia; o__Clostridiales; f__Lachnospiraceae; g__; s__,Lean
obesitycat,EN_0.5,-0.00373825749278812,592616,k__Bacteria; p__Firmicutes; c__Erysipelotrichi; o__Erysipelotrichales; f__Erysipelotrichaceae; g__; s__,Lean
obesitycat,EN_0.5,-0.0145899268297252,196736,k__Bacteria; p__Firmicutes; c__Clostridia; o__Clostridiales; f__Ruminococcaceae; g__; s__,Lean
obesitycat,EN_0.5,-0.148758499134289,199212,k__Bacteria; p__Firmicutes; c__Clostridia; o__Clostridiales; f__; g__; s__,Lean
obesitycat,EN_0.5,-0.0475246509828452,199534,k__Bacteria; p__Bacteroidetes; c__Bacteroidia; o__Bacteroidales; f__Rikenellaceae; g__; s__,Lean
obesitycat,EN_0.5,-0.000139074909894441,191355,k__Bacteria; p__Firmicutes; c__Erysipelotrichi; o__Erysipelotrichales; f__Erysipelotrichaceae; g__; s__,Lean
obesitycat,EN_0.5,-0.00215053433031972,772282,k__Bacteria; p__Bacteroidetes; c__Bacteroidia; o__Bacteroidales; f__Rikenellaceae; g__; s__,Lean
obesitycat,EN_0.5,-0.25268686294542,4453609,k__Bacteria; p__Bacteroidetes; c__Bacteroidia; o__Bacteroidales; f__Rikenellaceae; g__; s__,Lean
obesitycat,EN_0.6,1.48353275917955,(Intercept),(Intercept),Not_Lean
obesitycat,EN_0.6,-0.0206580923608622,185712,k__Bacteria; p__Firmicutes; c__Clostridia; o__Clostridiales; f__; g__; s__,Lean
obesitycat,EN_0.6,-0.0494446548363024,554912,k__Bacteria; p__Firmicutes; c__Clostridia; o__Clostridiales; f__Ruminococcaceae; g__Oscillospira; s__,Lean
obesitycat,EN_0.6,-0.166802995455744,537219,k__Bacteria; p__Firmicutes; c__Clostridia; o__Clostridiales; f__; g__; s__,Lean
obesitycat,EN_0.6,-0.0840513311389555,326136,k__Bacteria; p__Firmicutes; c__Clostridia; o__Clostridiales; f__; g__; s__,Lean
obesitycat,EN_0.6,-0.0157889104267063,177905,k__Bacteria; p__Firmicutes; c__Clostridia; o__Clostridiales; f__Lachnospiraceae; g__Blautia; s__,Lean
obesitycat,EN_0.6,-0.133650037231809,185814,k__Bacteria; p__Firmicutes; c__Clostridia; o__Clostridiales; f__Ruminococcaceae; g__; s__,Lean
obesitycat,EN_0.6,-0.00560159647461047,289679,k__Bacteria; p__Firmicutes; c__Clostridia; o__Clostridiales; f__Clostridiaceae; g__; s__,Lean
obesitycat,EN_0.6,-0.00104698894649818,1733364,k__Bacteria; p__Bacteroidetes; c__Bacteroidia; o__Bacteroidales; f__Bacteroidaceae; g__Bacteroides; s__uniformis,Lean
obesitycat,EN_0.6,-0.058794627748586,166164,k__Bacteria; p__Firmicutes; c__Clostridia; o__Clostridiales; f__Ruminococcaceae; g__Ruminococcus; s__,Lean
obesitycat,EN_0.6,-0.0125297857037561,194322,k__Bacteria; p__Firmicutes; c__Clostridia; o__Clostridiales; f__Ruminococcaceae; g__; s__,Lean
obesitycat,EN_0.6,-0.0210604018947169,178746,k__Bacteria; p__Firmicutes; c__Clostridia; o__Clostridiales; f__Lachnospiraceae; g__; s__,Lean
obesitycat,EN_0.6,-0.00410147320130801,592616,k__Bacteria; p__Firmicutes; c__Erysipelotrichi; o__Erysipelotrichales; f__Erysipelotrichaceae; g__; s__,Lean
obesitycat,EN_0.6,-0.0127019918750525,196736,k__Bacteria; p__Firmicutes; c__Clostridia; o__Clostridiales; f__Ruminococcaceae; g__; s__,Lean
obesitycat,EN_0.6,-0.159733051480833,199212,k__Bacteria; p__Firmicutes; c__Clostridia; o__Clostridiales; f__; g__; s__,Lean
obesitycat,EN_0.6,-0.0513630452864318,199534,k__Bacteria; p__Bacteroidetes; c__Bacteroidia; o__Bacteroidales; f__Rikenellaceae; g__; s__,Lean
obesitycat,EN_0.6,-0.000126064130696723,191355,k__Bacteria; p__Firmicutes; c__Erysipelotrichi; o__Erysipelotrichales; f__Erysipelotrichaceae; g__; s__,Lean
obesitycat,EN_0.6,-0.00230484290707981,772282,k__Bacteria; p__Bacteroidetes; c__Bacteroidia; o__Bacteroidales; f__Rikenellaceae; g__; s__,Lean
obesitycat,EN_0.6,-0.272044389634379,4453609,k__Bacteria; p__Bacteroidetes; c__Bacteroidia; o__Bacteroidales; f__Rikenellaceae; g__; s__,Lean
obesitycat,EN_0.7,1.49220251807889,(Intercept),(Intercept),Not_Lean
obesitycat,EN_0.7,-0.0183150790553792,185712,k__Bacteria; p__Firmicutes; c__Clostridia; o__Clostridiales; f__; g__; s__,Lean
obesitycat,EN_0.7,-0.025055336543357,554912,k__Bacteria; p__Firmicutes; c__Clostridia; o__Clostridiales; f__Ruminococcaceae; g__Oscillospira; s__,Lean
obesitycat,EN_0.7,-0.183633941734171,537219,k__Bacteria; p__Firmicutes; c__Clostridia; o__Clostridiales; f__; g__; s__,Lean
obesitycat,EN_0.7,-0.0937332598273264,326136,k__Bacteria; p__Firmicutes; c__Clostridia; o__Clostridiales; f__; g__; s__,Lean
obesitycat,EN_0.7,-0.016377935299828,177905,k__Bacteria; p__Firmicutes; c__Clostridia; o__Clostridiales; f__Lachnospiraceae; g__Blautia; s__,Lean
obesitycat,EN_0.7,-0.132714259781038,185814,k__Bacteria; p__Firmicutes; c__Clostridia; o__Clostridiales; f__Ruminococcaceae; g__; s__,Lean
obesitycat,EN_0.7,-0.00367563624120563,289679,k__Bacteria; p__Firmicutes; c__Clostridia; o__Clostridiales; f__Clostridiaceae; g__; s__,Lean
obesitycat,EN_0.7,-0.000792670427742338,1733364,k__Bacteria; p__Bacteroidetes; c__Bacteroidia; o__Bacteroidales; f__Bacteroidaceae; g__Bacteroides; s__uniformis,Lean
obesitycat,EN_0.7,-0.0631055950275478,166164,k__Bacteria; p__Firmicutes; c__Clostridia; o__Clostridiales; f__Ruminococcaceae; g__Ruminococcus; s__,Lean
obesitycat,EN_0.7,-0.0117831633502502,194322,k__Bacteria; p__Firmicutes; c__Clostridia; o__Clostridiales; f__Ruminococcaceae; g__; s__,Lean
obesitycat,EN_0.7,-0.0222411180295578,178746,k__Bacteria; p__Firmicutes; c__Clostridia; o__Clostridiales; f__Lachnospiraceae; g__; s__,Lean
obesitycat,EN_0.7,-0.00442025813711341,592616,k__Bacteria; p__Firmicutes; c__Erysipelotrichi; o__Erysipelotrichales; f__Erysipelotrichaceae; g__; s__,Lean
obesitycat,EN_0.7,-0.0104809586098715,196736,k__Bacteria; p__Firmicutes; c__Clostridia; o__Clostridiales; f__Ruminococcaceae; g__; s__,Lean
obesitycat,EN_0.7,-0.170444225761427,199212,k__Bacteria; p__Firmicutes; c__Clostridia; o__Clostridiales; f__; g__; s__,Lean
obesitycat,EN_0.7,-0.0546308921602959,199534,k__Bacteria; p__Bacteroidetes; c__Bacteroidia; o__Bacteroidales; f__Rikenellaceae; g__; s__,Lean
obesitycat,EN_0.7,-0.000110786898149506,191355,k__Bacteria; p__Firmicutes; c__Erysipelotrichi; o__Erysipelotrichales; f__Erysipelotrichaceae; g__; s__,Lean
obesitycat,EN_0.7,-0.00243705822002685,772282,k__Bacteria; p__Bacteroidetes; c__Bacteroidia; o__Bacteroidales; f__Rikenellaceae; g__; s__,Lean
obesitycat,EN_0.7,-0.28915228587389,4453609,k__Bacteria; p__Bacteroidetes; c__Bacteroidia; o__Bacteroidales; f__Rikenellaceae; g__; s__,Lean
obesitycat,EN_0.8,1.4994429110782,(Intercept),(Intercept),Not_Lean
obesitycat,EN_0.8,-0.0166074604311498,185712,k__Bacteria; p__Firmicutes; c__Clostridia; o__Clostridiales; f__; g__; s__,Lean
obesitycat,EN_0.8,-0.000398463045603315,554912,k__Bacteria; p__Firmicutes; c__Clostridia; o__Clostridiales; f__Ruminococcaceae; g__Oscillospira; s__,Lean
obesitycat,EN_0.8,-0.19996340442137,537219,k__Bacteria; p__Firmicutes; c__Clostridia; o__Clostridiales; f__; g__; s__,Lean
obesitycat,EN_0.8,-0.103261495903631,326136,k__Bacteria; p__Firmicutes; c__Clostridia; o__Clostridiales; f__; g__; s__,Lean
obesitycat,EN_0.8,-0.0168210736337401,177905,k__Bacteria; p__Firmicutes; c__Clostridia; o__Clostridiales; f__Lachnospiraceae; g__Blautia; s__,Lean
obesitycat,EN_0.8,-0.130660881111915,185814,k__Bacteria; p__Firmicutes; c__Clostridia; o__Clostridiales; f__Ruminococcaceae; g__; s__,Lean
obesitycat,EN_0.8,-0.00181323291526925,289679,k__Bacteria; p__Firmicutes; c__Clostridia; o__Clostridiales; f__Clostridiaceae; g__; s__,Lean
obesitycat,EN_0.8,-0.000529131650906,1733364,k__Bacteria; p__Bacteroidetes; c__Bacteroidia; o__Bacteroidales; f__Bacteroidaceae; g__Bacteroides; s__uniformis,Lean
obesitycat,EN_0.8,-0.0671326717312144,166164,k__Bacteria; p__Firmicutes; c__Clostridia; o__Clostridiales; f__Ruminococcaceae; g__Ruminococcus; s__,Lean
obesitycat,EN_0.8,-0.0110818675851094,194322,k__Bacteria; p__Firmicutes; c__Clostridia; o__Clostridiales; f__Ruminococcaceae; g__; s__,Lean
obesitycat,EN_0.8,-0.0231624005967291,178746,k__Bacteria; p__Firmicutes; c__Clostridia; o__Clostridiales; f__Lachnospiraceae; g__; s__,Lean
obesitycat,EN_0.8,-0.00470719896377143,592616,k__Bacteria; p__Firmicutes; c__Erysipelotrichi; o__Erysipelotrichales; f__Erysipelotrichaceae; g__; s__,Lean
obesitycat,EN_0.8,-0.00795475397524123,196736,k__Bacteria; p__Firmicutes; c__Clostridia; o__Clostridiales; f__Ruminococcaceae; g__; s__,Lean
obesitycat,EN_0.8,-0.180884573579788,199212,k__Bacteria; p__Firmicutes; c__Clostridia; o__Clostridiales; f__; g__; s__,Lean
obesitycat,EN_0.8,-0.0574942626210831,199534,k__Bacteria; p__Bacteroidetes; c__Bacteroidia; o__Bacteroidales; f__Rikenellaceae; g__; s__,Lean
obesitycat,EN_0.8,-9.44068536692846e-05,191355,k__Bacteria; p__Firmicutes; c__Erysipelotrichi; o__Erysipelotrichales; f__Erysipelotrichaceae; g__; s__,Lean
obesitycat,EN_0.8,-0.00254937401128146,772282,k__Bacteria; p__Bacteroidetes; c__Bacteroidia; o__Bacteroidales; f__Rikenellaceae; g__; s__,Lean
obesitycat,EN_0.8,-0.304657097539446,4453609,k__Bacteria; p__Bacteroidetes; c__Bacteroidia; o__Bacteroidales; f__Rikenellaceae; g__; s__,Lean
obesitycat,EN_0.9,1.50529207516098,(Intercept),(Intercept),Not_Lean
obesitycat,EN_0.9,-0.0151589725645956,185712,k__Bacteria; p__Firmicutes; c__Clostridia; o__Clostridiales; f__; g__; s__,Lean
obesitycat,EN_0.9,-0.213865364384,537219,k__Bacteria; p__Firmicutes; c__Clostridia; o__Clostridiales; f__; g__; s__,Lean
obesitycat,EN_0.9,-0.11414884041183,326136,k__Bacteria; p__Firmicutes; c__Clostridia; o__Clostridiales; f__; g__; s__,Lean
obesitycat,EN_0.9,-0.017089433078501,177905,k__Bacteria; p__Firmicutes; c__Clostridia; o__Clostridiales; f__Lachnospiraceae; g__Blautia; s__,Lean
obesitycat,EN_0.9,-0.125748459883083,185814,k__Bacteria; p__Firmicutes; c__Clostridia; o__Clostridiales; f__Ruminococcaceae; g__; s__,Lean
obesitycat,EN_0.9,-0.000143423713712172,289679,k__Bacteria; p__Firmicutes; c__Clostridia; o__Clostridiales; f__Clostridiaceae; g__; s__,Lean
obesitycat,EN_0.9,-0.000234944775277796,1733364,k__Bacteria; p__Bacteroidetes; c__Bacteroidia; o__Bacteroidales; f__Bacteroidaceae; g__Bacteroides; s__uniformis,Lean
obesitycat,EN_0.9,-0.0703398948557013,166164,k__Bacteria; p__Firmicutes; c__Clostridia; o__Clostridiales; f__Ruminococcaceae; g__Ruminococcus; s__,Lean
obesitycat,EN_0.9,-0.00992239276741209,194322,k__Bacteria; p__Firmicutes; c__Clostridia; o__Clostridiales; f__Ruminococcaceae; g__; s__,Lean
obesitycat,EN_0.9,-0.0238784905112474,178746,k__Bacteria; p__Firmicutes; c__Clostridia; o__Clostridiales; f__Lachnospiraceae; g__; s__,Lean
obesitycat,EN_0.9,-0.00496997240593708,592616,k__Bacteria; p__Firmicutes; c__Erysipelotrichi; o__Erysipelotrichales; f__Erysipelotrichaceae; g__; s__,Lean
obesitycat,EN_0.9,-0.00526874701519127,196736,k__Bacteria; p__Firmicutes; c__Clostridia; o__Clostridiales; f__Ruminococcaceae; g__; s__,Lean
obesitycat,EN_0.9,-0.187257801655558,199212,k__Bacteria; p__Firmicutes; c__Clostridia; o__Clostridiales; f__; g__; s__,Lean
obesitycat,EN_0.9,-0.0601007254099562,199534,k__Bacteria; p__Bacteroidetes; c__Bacteroidia; o__Bacteroidales; f__Rikenellaceae; g__; s__,Lean
obesitycat,EN_0.9,-7.73903054305811e-05,191355,k__Bacteria; p__Firmicutes; c__Erysipelotrichi; o__Erysipelotrichales; f__Erysipelotrichaceae; g__; s__,Lean
obesitycat,EN_0.9,-0.00264667183246125,772282,k__Bacteria; p__Bacteroidetes; c__Bacteroidia; o__Bacteroidales; f__Rikenellaceae; g__; s__,Lean
obesitycat,EN_0.9,-0.320581994249011,4453609,k__Bacteria; p__Bacteroidetes; c__Bacteroidia; o__Bacteroidales; f__Rikenellaceae; g__; s__,Lean
